[
    {
        "id": "1",
        "imagem": "https://flagcdn.com/h240/br.png",
        "nomePais": "Brasil"
    },

    {
        "id": "2",
        "imagem": "https://flagcdn.com/h240/ar.png",
        "nomePais": "Argentina"
    },

    {
        "id": "3",
        "imagem": "https://flagcdn.com/h240/de.png",
        "nomePais": "Alemanha"
    },

    {
        "id": "4",
        "imagem": "https://flagcdn.com/h240/bd.png",
        "nomePais": "Bangladesh"
    },

    {
        "id": "5",
        "imagem": "https://flagcdn.com/h240/au.png",
        "nomePais": "Austrália"
    },

    {
        "id": "6",
        "imagem": "https://flagcdn.com/h120/qa.png",
        "nomePais": "Catar"
    },

    {
        "id": "7",
        "imagem": "https://flagcdn.com/h240/ca.png",
        "nomePais": "Canadá"
    },

    {
        "id": "8",
        "imagem": "https://flagcdn.com/h240/us.png",
        "nomePais": "Estados Unidos"
    },

    {
        "id": "9",
        "imagem": "https://flagcdn.com/h240/ch.png",
        "nomePais": "Suíça"
    },

    {
        "id": "10",
        "imagem": "https://flagcdn.com/h240/es.png",
        "nomePais": "Espanha"
    },

    {
        "id": "11",
        "imagem": "https://flagcdn.com/h240/ao.png",
        "nomePais": "Angola"
    },

    {
        "id": "12",
        "imagem": "https://flagcdn.com/h240/gb.png",
        "nomePais": "Reino Unido"
    },

    {
        "id": "13",
        "imagem": "https://flagcdn.com/h240/jp.png",
        "nomePais": "Japão"
    },

    {
        "id": "14",
        "imagem": "https://flagcdn.com/h240/pt.png",
        "nomePais": "Portugal"
    },

    {
        "id": "15",
        "imagem": "https://flagcdn.com/h240/tw.png",
        "nomePais": "Taiwan"
    },

    {
        "id": "16",
        "imagem": "https://flagcdn.com/h240/kr.png",
        "nomePais": "Coreia do Sul"
    },

    {
        "id": "17",
        "imagem": "https://flagcdn.com/h240/mc.png",
        "nomePais": "Mônaco"
    },

    {
        "id": "18",
        "imagem": "https://flagcdn.com/h240/it.png",
        "nomePais": "Itália"
    },

    {
        "id": "19",
        "imagem": "https://flagcdn.com/h240/nl.png",
        "nomePais": "Holanda"
    },

    {
        "id": "20",
        "imagem": "https://flagcdn.com/h240/bh.png",
        "nomePais": "Bahrain"
    },

    {
        "id": "21",
        "imagem": "https://flagcdn.com/h240/co.png",
        "nomePais": "Colombia"
    },

    {
        "id": "22",
        "imagem": "https://flagcdn.com/h240/il.png",
        "nomePais": "Israel"
    },

    {
        "id": "23",
        "imagem": "https://flagcdn.com/h240/jm.png",
        "nomePais": "Jamaica"
    },

    {
        "id": "24",
        "imagem": "https://flagcdn.com/h240/nz.png",
        "nomePais": "Nova Zelândia"
    },

    {
        "id": "25",
        "imagem": "https://flagcdn.com/h240/ne.png",
        "nomePais": "Niger"
    },

    {
        "id": "26",
        "imagem": "https://flagcdn.com/h240/ve.png",
        "nomePais": "Venezuela"
    },

    {
        "id": "27",
        "imagem": "https://flagcdn.com/h240/za.png",
        "nomePais": "África do Sul"
    },

    {
        "id": "28",
        "imagem": "https://flagcdn.com/h240/af.png",
        "nomePais": "Afeganistão"
    },

    {
        "id": "29",
        "imagem": "https://flagcdn.com/h240/kp.png",
        "nomePais": "Coreia do Norte"
    },

    {
        "id": "30",
        "imagem": "https://flagcdn.com/h240/np.png",
        "nomePais": "Nepal"
    },

    {
        "id": "31",
        "imagem": "https://flagcdn.com/h240/mg.png",
        "nomePais": "Madagascar"
    },

    {
        "id": "32",
        "imagem": "https://flagcdn.com/h240/ht.png",
        "nomePais": "Haiti"
    },

    {
        "id": "33",
        "imagem": "https://flagcdn.com/h240/gh.png",
        "nomePais": "Gana"
    },

    {
        "id": "33",
        "imagem": "https://flagcdn.com/h240/pg.png",
        "nomePais": "Papua Nova Guiné"
    },

    {
        "id": "34",
        "imagem": "https://flagcdn.com/h240/py.png",
        "nomePais": "Paraguai"
    },

    {
        "id": "35",
        "imagem": "https://flagcdn.com/h240/ng.png",
        "nomePais": "Nigéria"
    },

    {
        "id": "36",
        "imagem": "https://flagcdn.com/h240/sa.png",
        "nomePais": "Arabia Saudita"
    },

    {
        "id": "37",
        "imagem": "https://flagcdn.com/h240/pa.png",
        "nomePais": "Panamá"
    },

    {
        "id": "38",
        "imagem": "https://flagcdn.com/h240/sg.png",
        "nomePais": "Singapura"
    },

    {
        "id": "39",
        "imagem": "https://flagcdn.com/h240/ps.png",
        "nomePais": "Palestina"
    },

    {
        "id": "40",
        "imagem": "https://flagcdn.com/h240/sk.png",
        "nomePais": "Eslováquia"
    },

    {
        "id": "41",
        "imagem": "https://flagcdn.com/h240/si.png",
        "nomePais": "Eslovênia"
    },

    {
        "id": "42",
        "imagem": "https://flagcdn.com/h240/pw.png",
        "nomePais": "Palau"
    },

    {
        "id": "43",
        "imagem": "https://flagcdn.com/h240/rs.png",
        "nomePais": "Sérvia"
    },

    {
        "id": "44",
        "imagem": "https://flagcdn.com/h240/tr.png",
        "nomePais": "Turquia"
    },

    {
        "id": "45",
        "imagem": "https://flagcdn.com/h240/tl.png",
        "nomePais": "Timor-Leste"
    },

    {
        "id": "46",
        "imagem": "https://flagcdn.com/h240/vn.png",
        "nomePais": "Vietnã"
    },

    {
        "id": "47",
        "imagem": "https://flagcdn.com/h240/ua.png",
        "nomePais": "Ucrânia"
    },

    {
        "id": "48",
        "imagem": "https://flagcdn.com/h240/ae.png",
        "nomePais": "Emirados Árabes Unidos"
    },

    {
        "id": "49",
        "imagem": "https://flagcdn.com/h240/se.png",
        "nomePais": "Suécia"
    },

    {
        "id": "50",
        "imagem": "https://flagcdn.com/h240/no.png",
        "nomePais": "Noruega"
    },

    {
        "id": "51",
        "imagem": "https://flagcdn.com/h240/nr.png",
        "nomePais": "Nauru"
    },

    {
        "id": "52",
        "imagem": "https://flagcdn.com/h240/aq.png",
        "nomePais": "Antártida"
    },

    {
        "id": "53",
        "imagem": "https://flagcdn.com/h240/ec.png",
        "nomePais": "Equador"
    },

    {
        "id": "54",
        "imagem": "https://flagcdn.com/h240/uy.png",
        "nomePais": "Uruguai"
    },

    {
        "id": "55",
        "imagem": "https://flagcdn.com/h240/dk.png",
        "nomePais": "Dinamarca"
    },

    {
        "id": "56",
        "imagem": "https://flagcdn.com/h240/et.png",
        "nomePais": "Etiópia"
    },

    {
        "id": "57",
        "imagem": "https://flagcdn.com/h240/ck.png",
        "nomePais": "Ilhas Cook"
    },

    {
        "id": "58",
        "imagem": "https://flagcdn.com/h240/be.png",
        "nomePais": "Bèlgica"
    },

    {
        "id": "59",
        "imagem": "https://flagcdn.com/h240/ru.png",
        "nomePais": "Rússia"
    },

    {
        "id": "60",
        "imagem": "https://flagcdn.com/h240/cl.png",
        "nomePais": "Chile"
    },

    {
        "id": "61",
        "imagem": "https://flagcdn.com/h240/do.png",
        "nomePais": "República Dominicana"
    },

    {
        "id": "62",
        "imagem": "https://flagcdn.com/h240/by.png",
        "nomePais": "Bielorrússia"
    },

    {
        "id": "63",
        "imagem": "https://flagcdn.com/h240/gr.png",
        "nomePais": "Grécia"
    },

    {
        "id": "64",
        "imagem": "https://flagcdn.com/h240/id.png",
        "nomePais": "Indonésia"
    },

    {
        "id": "65",
        "imagem": "https://flagcdn.com/h240/pk.png",
        "nomePais": "Paquistão"
    },

    {
        "id": "66",
        "imagem": "https://flagcdn.com/h240/nu.png",
        "nomePais": "Niue"
    },

    {
        "id": "67",
        "imagem": "https://flagcdn.com/h240/mu.png",
        "nomePais": "Maurício"
    },

    {
        "id": "68",
        "imagem": "https://flagcdn.com/h240/fm.png",
        "nomePais": "Micronésia"
    },

    {
        "id": "69",
        "imagem": "https://flagcdn.com/h240/ms.png",
        "nomePais": "Montserrat"
    },

    {
        "id": "70",
        "imagem": "https://flagcdn.com/h240/im.png",
        "nomePais": "Ilha de Man"
    },

    {
        "id": "71",
        "imagem": "https://flagcdn.com/h240/ir.png",
        "nomePais": "irã"
    },

    {
        "id": "72",
        "imagem": "https://flagcdn.com/h240/sz.png",
        "nomePais": "Eswatini"
    },

    {
        "id": "73",
        "imagem": "https://flagcdn.com/h240/ee.png",
        "nomePais": "Estônia"
    },

    {
        "id": "74",
        "imagem": "https://flagcdn.com/h240/gf.png",
        "nomePais": "Guiana Francesa"
    },

    {
        "id": "75",
        "imagem": "https://flagcdn.com/h240/fi.png",
        "nomePais": "Finlândia"
    },

    {
        "id": "76",
        "imagem": "https://flagcdn.com/h240/fr.png",
        "nomePais": "França"
    },

    {
        "id": "77",
        "imagem": "https://flagcdn.com/h240/uy.png",
        "nomePais": "Polinésia Francesa"
    },

    {
        "id": "78",
        "imagem": "https://flagcdn.com/h240/gl.png",
        "nomePais": "Groelândia"
    },

    {
        "id": "79",
        "imagem": "https://flagcdn.com/h240/cz.png",
        "nomePais": "República Tcheca"
    },

    {
        "id": "80",
        "imagem": "https://flagcdn.com/h240/fj.png",
        "nomePais": "Fiji"
    },

    {
        "id": "81",
        "imagem": "https://flagcdn.com/h240/cf.png",
        "nomePais": "República Centro-Africana"
    },

    {
        "id": "82",
        "imagem": "https://flagcdn.com/h240/cg.png",
        "nomePais": "República do Congo"
    },

    {
        "id": "83",
        "imagem": "https://flagcdn.com/h240/cd.png",
        "nomePais": "República Democrática do Congo"
    },

    {
        "id": "84",
        "imagem": "https://flagcdn.com/h240/bg.png",
        "nomePais": "Bulgária"
    },

    {
        "id": "85",
        "imagem": "https://flagcdn.com/h240/bs.png",
        "nomePais": "Bahamas"
    },

    {
        "id": "86",
        "imagem": "https://flagcdn.com/h240/bw.png",
        "nomePais": "Botsuana"
    },

    {
        "id": "87",
        "imagem": "https://flagcdn.com/h240/az.png",
        "nomePais": "Azerbaijão"
    },

    {
        "id": "88",
        "imagem": "https://flagcdn.com/h240/bt.png",
        "nomePais": "Butão"
    },

    {
        "id": "89",
        "imagem": "https://flagcdn.com/h240/cy.png",
        "nomePais": "Chipre"
    },

    {
        "id": "90",
        "imagem": "https://flagcdn.com/h240/bn.png",
        "nomePais": "Brunei"
    },

    {
        "id": "91",
        "imagem": "https://flagcdn.com/h240/bo.png",
        "nomePais": "Bolívia"
    },

    {
        "id": "92",
        "imagem": "https://flagcdn.com/h240/bb.png",
        "nomePais": "Barbados"
    },

    {
        "id": "93",
        "imagem": "https://flagcdn.com/h240/cm.png",
        "nomePais": "Camarões"
    },

    {
        "id": "94",
        "imagem": "https://flagcdn.com/h240/bm.png",
        "nomePais": "Bermudas"
    },

    {
        "id": "95",
        "imagem": "https://flagcdn.com/h240/cu.png",
        "nomePais": "Cuba"
    }
]